{
  "brand": "&lt;TIAGO/&gt;",
  "inicio": "Home",
  "sobre": "About",
  "projetos": "Projects",
  "contato": "Contact",
  "lang": "PT",
  "bem_vindo": "Hello, Welcome",
  "meu_nome": "My name is Tiago",
  "dev_fullstack": "Full-Stack Developer",
  "baixar_cv": "Download CV",
  "sobre_titulo": "About Me",
  "sobre1": "Hello! My name is Tiago Marques Gabriel and I am a technology student, focusing on software development and structured problem-solving. During my studies, I worked with programming in C and Java, as well as languages ​​such as HTML, CSS, and JavaScript.",
  "sobre2": "I enjoy developing clear, efficient, and well-documented solutions, always striving to apply good coding practices. I learn new tools easily, analyze problems, and implement solutions in a logical and organized manner.",
  "sobre3": "My goal is to continue evolving in the field of technology, building projects that meet user needs and follow solid development principles.",
  "sobre4": "You can see some of my projects on GitHub and contact me to discuss collaborations.",
  "sobre5": "This portfolio is a way to showcase what I've been building and learning. If you like something here, let's chat!",

  "meus_projetos": "My Projects",
  "projeto1": "Sintonia",
  "desc_projeto1": "Web music player with playlists, search and playback controls.",
  "projeto2": "Quem o Grinch",
  "desc_projeto2": "Interactive web page with JavaScript logic and animations; demo hosted on GitHub Pages.",
  "projeto3": "Out of the Loop",
  "desc_projeto3": "Interactive web application in HTML/CSS/JS focused on responsive UI.",
  "projeto4": "Impostor",
  "desc_projeto4": "Interactive game/experience built with HTML/CSS/JS, featuring social-game-inspired mechanics.",
  "projeto5": "Project 5",
  "desc1": "Brief description of project 1. Example text to test the layout.",
  "ver_projeto": "View project",
  "ver_codigo": "View code",
  "contatos": "Contacts",
  "enviar_mensagem": "Send message",
  "nome": "Name",
  "email": "Email",
  "mensagem": "Message",
  "enviar": "Send",
  "footer": "© 2025 Tiago Marques Gabriel"
}
