{
  "brand": "&lt;TIAGO/&gt;",
  "inicio": "Início",
  "sobre": "Sobre",
  "projetos": "Projetos",
  "contato": "Contato",
  "lang": "EN",
  "bem_vindo": "Olá, Seja Bem-vindo(a)",
  "meu_nome": "Meu nome é Tiago",
  "dev_fullstack": "Desenvolvedor Full-Stack",
  "baixar_cv": "Baixar CV",
  "sobre_titulo": "Sobre Mim",
  "sobre1": "Olá! Meu nome é Tiago Marques Gabriel e sou estudante de tecnologia, com foco no desenvolvimento de software e na resolução estruturada de problemas. Durante minha formação, tenho trabalhado com programação em C e Java, além de linguagens como HTML, CSS e JavaScript",
  "sobre2": "Gosto de desenvolver soluções claras, eficientes e bem documentadas, buscando sempre aplicar boas práticas de código. Tenho facilidade em aprender novas ferramentas, analisar problemas e implementar soluções de forma lógica e organizada.",
  "sobre3": "Meu objetivo é continuar evoluindo na área de tecnologia, construindo projetos que atendam às necessidades do usuário e que sigam princípios sólidos de desenvolvimento.",
  "sobre4": "Você pode ver alguns dos meus projetos no GitHub e entrar em contato comigo para discutir colaborações.",
  "sobre5": "Este portfólio é uma forma de mostrar o que venho construindo e aprendendo. Se curtir algo por aqui, bora trocar uma ideia!",

  "meus_projetos": "Meus Projetos",
  "projeto1": "Sintonia",
  "desc_projeto1": "Player de música web com playlists, busca e controles de reprodução.",
  "projeto2": "Quem o Grinch",
  "desc_projeto2": "Página interativa com lógica em JavaScript e animações; demo hospedada no GitHub Pages.",
  "projeto3": "Out of the Loop",
  "desc_projeto3": "Aplicação web interativa em HTML/CSS/JS com foco em interface responsiva.",
  "projeto4": "Impostor",
  "desc_projeto4": "Jogo/experiência interativa desenvolvida com HTML/CSS/JS, com mecânicas inspiradas em jogos sociais.",
  "projeto5": "Projeto 5",
  "desc1": "Descrição breve do projeto 1. Exemplo de texto para testar o layout.",
  "ver_projeto": "Ver projeto",
  "ver_codigo": "Ver código",
  "contatos": "Contatos",
  "enviar_mensagem": "Enviar mensagem",
  "nome": "Nome",
  "email": "E-mail",
  "mensagem": "Mensagem",
  "enviar": "Enviar",
  "footer": "© 2025 Tiago Marques Gabriel"
}
